index ,value
1,3
2,4
3,6
4,7
5,11
6,13
7,16
8,16
9,13
10,10
11,5
12,2
13,0
14,4
15,6
16,9
17,11
18,14
19,15
20,16
21,13
22,10
23,6
24,5
25,5
26,5
27,6
28,8
29,11
30,14
31,15
32,15
33,13
34,11
35,8
36,6
37,5
38,6
39,6
40,8
41,11
42,15
43,15
44,15
45,13
46,11
47,6
48,3
49,1
50,1
51,5
52,7
53,10
54,14
55,15
56,15
57,13
58,10
59,7
60,5
61,4
62,5
63,5
64,8
65,11
66,15
67,16
68,16
69,13
70,9
71,6
72,4
73,1
74,1
75,5
76,7
77,10
78,14
79,16
80,15
81,13
82,9
83,6
84,2
85,4
86,5
87,6
88,8
89,11
90,15
91,18
92,17
93,14
94,11
95,6
96,3
97,0
98,4
99,2
100,7
101,10
102,15
103,17
104,16
105,13
106,9
107,6
108,3
109,5
110,5
111,5
112,8
113,10
114,14
115,16
116,16
117,14
118,10
119,6
120,5
121,1
122,4
123,5
124,7
125,11
126,15
127,17
128,16
129,14
130,10
131,6
132,2
133,3
134,1
135,5
136,8
137,11
138,14
139,16
140,16
141,14
142,10
143,6
144,3
145,4
146,3.5
147,5
148,7.5
149,11.5
150,13.5
151,16
152,15.5
153,13.5
154,8.5
155,6
156,4
157,1.5
158,1.5
159,5
160,7
161,12
162,16
163,15
164,14
165,11
166,11.5
167,6.5
168,4.5
169,5
170,1.5
171,5.5
172,7
173,11
174,14.5
175,15.5
176,15.5
177,11.5
178,7.5
179,5
180,0.5
181,5
182,2
183,1
184,7.5
185,11
186,13.5
187,14
188,13.5
189,10.5
190,9
191,6.5
192,3.5
193,3
194,2
195,3
196,7
197,10.5
198,11.5
199,15
200,14.5
201,10.5
202,8
203,4.5
204,4.5
205,5.5
206,5
207,5
208,7.5
209,10.5
210,18
211,16
212,16.5
213,12
214,7
215,3.5
216,-0.5
217,3
218,3.5
219,7
220,7.5
221,10
222,13
223,18
224,15
225,13
226,8.5
227,4.5
228,2
229,1.5
230,2
231,4
232,6.5
233,11
234,14.5
235,16.5
236,15
237,15
238,8.5
239,6
240,0.5
241,1
242,1.5
243,4.5
244,7
245,12
246,15.5
247,16
248,17
249,13
250,11
251,3.5
252,2.5
253,3.5
254,3.5
255,6
256,6.5
257,10.5
258,13
259,16
260,15
261,14.5
262,10.5
263,6.5
264,1
265,0.5
266,1.5
267,4
268,8
269,10.5
270,14
271,15
272,16
273,14
274,11.5
275,6.5
276,3
277,6
278,2
279,4.5
280,6.5
281,11.5
282,14
283,15
284,14.5
285,13
286,9.5
287,5.5
288,6
289,3.5
290,2
291,5.5
292,9.5
293,11.5
294,16
295,15.5
296,13.5
297,13
298,6.5
299,4.5
300,0.5
301,-3
302,-1
303,3
304,6.5
305,13
306,15
307,16
308,15.5
309,12
310,11
311,3
312,4
313,0.5
314,3.5
315,5
316,8.5
317,12.5
318,14.5
319,14
320,14.5
321,11.5
322,11.5
323,7
324,6.5
325,6.5
326,6
327,7
328,8.5
329,12.5
330,15.5
331,16.5
332,14.5
333,13
334,9
335,6.5
336,6
337,3.5
338,4.5
339,4.5
340,6.5
341,11
342,13
343,15.5
344,15
345,11
346,11
347,6
348,6
349,3.5
350,1.5
351,3.5
352,5.5
353,10.5
354,13
355,15.5
356,15
357,12
358,7
359,4
360,3
361,0.5
362,4.5
363,5
364,8
365,11
366,12
367,15.5
368,15.5
369,13
370,8
371,5
372,4.5
373,4
374,4.5
375,4.5
376,8
377,9.5
378,13.5
379,15.5
380,15
381,13
382,8.5
383,6.5
384,4.5
385,1
386,1
387,5
388,6.5
389,10
390,14.5
391,15.5
392,15.5
393,11
394,9
395,5
396,3.5
397,2
398,0
399,4
400,7.5
401,9
402,13.5
403,15
404,15
405,11.5
406,6.5
407,5
408,3.5
409,3
410,5
411,3
412,6.5
413,9
414,14.5
415,15
416,15
417,12
418,9.5
419,6
420,3
421,0
422,5
423,3.5
424,7.5
425,9
426,13
427,15
428,13
429,10.5
430,7.5
431,5.5
432,2.5
433,-1
434,0.5
435,3.5
436,5.5
437,9
438,13
439,13.5
440,13
441,11.5
442,9
443,5.5
444,4
445,5.5
446,4.5
447,3.5
448,5.5
449,10.5
450,13
451,15.5
452,15.5
453,11.5
454,9
455,5.5
456,2.5
457,1
458,0.5
459,5.5
460,7
461,11.5
462,13
463,15.5
464,14.5
465,12
466,9
467,4
468,2.5
469,0
470,0.5
471,3.5
472,7.5
473,8.5
474,12
475,15
476,15
477,13
478,9
479,4
480,3.5
481,3.4
482,3.4
483,3.9
484,6.4
485,10
486,14.4
487,17.2
488,15
489,13.3
490,9.4
491,5.6
492,3.6
493,3.9
494,2.5
495,3.6
496,6.4
497,12
498,13.6
499,15
500,15
501,12.8
502,8.9
503,5
504,4.2
505,2.8
506,2.5
507,2.8
508,4.7
509,10.9
510,14.2
511,18.3
512,16.1
513,14.7
514,7.5
515,6.4
516,3.6
517,5
518,6.7
519,5.8
520,5.8
521,10.6
522,13.3
523,15
524,16.1
525,14.4
526,10
527,4.4
528,4.4
529,2.2
530,3.9
531,5.6
532,8.3
533,11.9
534,13.9
535,16.1
536,16.1
537,10.6
538,7.8
539,7.2
540,5.1
541,2
542,3.3
543,5.3
544,8.3
545,11.5
546,14.4
547,16.7
548,16.9
549,11.9
550,8.3
551,6.4
552,3.6
553,2.8
554,3.9
555,4.4
556,7.8
557,11.2
558,12.2
559,15.6
560,17.5
561,11.9
562,8.9
563,3.9
564,4.4
565,2.8
566,4.2
567,6.4
568,8.9
569,12.2
570,15.6
571,16.1
572,16.7
573,12.5
574,11.2
575,6.1
576,4.7
577,3.5
578,3
579,5
580,8.5
581,11
582,16
583,17
584,16
585,14
586,8.5
587,6.5
588,3.5
589,6
590,4
591,6.5
592,9.5
593,10.5
594,14
595,15
596,17
597,15
598,8.5
599,7
600,3
601,-1.5
602,2
603,3
604,9
605,12
606,14.5
607,15.5
608,15.5
609,13.5
610,10
611,7.5
612,3.5
613,2.5
614,3.5
615,6
616,6.5
617,11.5
618,14.5
619,15
620,15.5
621,13.5
622,9.5
623,8
624,7.5
625,5
626,2
627,5.5
628,9.5
629,11
630,15.5
631,15.5
632,15
633,13
634,9.5
635,7
636,4
637,3
638,4.5
639,5
640,7.5
641,11
642,15
643,16
644,15
645,13
646,9.5
647,6
648,4
649,3
650,5.5
651,4.5
652,5.5
653,10.5
654,13.5
655,14
656,15
657,14
658,9.5
659,4.5
660,4
661,4
662,5.5
663,5
664,7.5
665,10
666,14.5
667,18
668,15
669,13
670,10.5
671,6
672,4
673,4
674,5
675,6.5
676,9.5
677,11
678,14
679,15.5
680,15
681,14
682,10.5
683,6.5
684,1.5
685,-2
686,3
687,4.5
688,9
689,10.5
690,14
691,15.5
692,15.5
693,12.5
694,9.5
695,5.5
696,3
697,4.5
698,2.5
699,4.5
700,7.5
701,11
702,14
703,15
704,15.5
705,13.5
706,9.5
707,5.5
708,5
709,1.5
710,3
711,5.5
712,7.5
713,11
714,14.5
715,17
716,17
717,14.5
718,9.5
719,5.5
720,4.5
721,3
722,4
723,5
724,7
725,11.5
726,15
727,18
728,17
729,14
730,9.5
731,6
732,3.5
733,4.5
734,4
735,4
736,7.5
737,11
738,13
739,16
740,15
741,13.5
742,9
743,6
744,5.5
745,4
746,2
747,3.5
748,8.5
749,9.5
750,14
751,15.5
752,16
753,14
754,9
755,6
756,4.5
757,4
758,5
759,6
760,7.5
761,10.5
762,14
763,15
764,15
765,13.5
766,10
767,7.8
768,3.9
769,1.1
770,4.4
771,7.5
772,8.9
773,11.7
774,15
775,15.3
776,15.6
777,13.3
778,11.1
779,7.5
780,5.8
781,5.6
782,4.2
783,4.7
784,7.2
785,11.4
786,15.3
787,15
788,16.2
789,14.4
790,8.6
791,5.3
792,3.3
793,4.4
794,3.3
795,5
796,8.1
797,10.8
798,12.2
799,13.8
800,13.3
801,12.8
802,9.4
803,6.9
804,3.9
805,1.1
806,4.2
807,4.2
808,8.4
809,13.4
810,16.4
811,16
812,15.6
813,14.7
814,10.2
815,6.1
816,1.8
817,4.2
818,5
819,5.1
820,9.2
821,13.6
822,14.9
823,16.9
824,16.9
825,14.4
826,10.8
827,4.7
828,3.6
829,3.9
830,2.4
831,7.1
832,8.3
833,12.5
834,16.4
835,16.9
836,16
837,12.8
838,9.1
839,7.2
840,1.6
841,1.2
842,2.3
843,2.8
844,7.1
845,10.3
846,15.1
847,16.8
848,15.7
849,16.6
850,10.1
851,8.1
852,5
853,4.1
854,4.7
855,6.2
856,8.7
857,12.4
858,14
859,15.3
860,16.3
861,15.3
862,10.9
863,9.2
864,3.4
865,1.9
866,2.2
867,6
868,6.8
869,12.1
870,15.6
871,16.3
872,16.7
873,15.3
874,12.3
875,7.8
876,5.2
877,2.4
878,6.4
879,6.1
880,8.9
881,11.4
882,14.6
883,16
884,16.6
885,14.5
886,10.9
887,6.3
888,2.2
889,6.9
890,6
891,5.9
892,10
893,11.2
894,15.2
895,18.3
896,16.1
897,12.8
898,9.1
899,6.5
900,7.6
901,4.3
902,6.4
903,8.1
904,9.3
905,11.1
906,14.1
907,16.2
908,16.2
909,13.3
910,8.4
911,6.2
912,4
913,4.4
914,4
915,5.8
916,8.9
917,10.9
918,13.3
919,14.8
920,16.2
921,14.2
922,10.3
923,6.3
924,5.4
925,6.4
926,3.1
927,6.9
928,8.6
929,10.6
930,15.7
931,16.4
932,17.8
933,14.4
934,10.4
935,6.9
936,6.4
937,6.2
938,4.2
939,6.1
940,8.8
941,12.5
942,15.9
943,17.4
944,13.8
945,14.2
946,8.9
947,6.1
948,4.9
949,4.6
950,4.6
951,5.5
952,9.9
953,11.4
954,14.2
955,16.4
956,16
957,12.5
958,10.2
959,6.3
960,6.1
961,4
962,6.8
963,5.8
964,6.7
965,11.6
966,15.2
967,16
968,14.7
969,13.1
970,9.6
971,3.7
972,3.2
973,-2.8
974,-1.6
975,3.9
976,6.4
977,8.6
978,12.8
979,15.3
980,14.7
981,14
982,5.3
983,3.3
984,2.2
985,1.7
986,4.4
987,4.2
988,7.1
989,9.3
990,15.2
991,15.6
992,16.7
993,14.7
994,11
995,7.8
996,3.9
997,1.9
998,3.6
999,4.1
1000,6.6
1001,10.6
1002,15
1003,15.8
1004,15.8
1005,12.2
1006,9.2
1007,4.4
1008,1.1
1009,3.6
1010,5.4
1011,5.3
1012,5.4
1013,13.3
1014,15.6
1015,14.9
1016,16.9
1017,14.2
1018,8.9
1019,9.3
1020,4.9
1021,1.4
1022,2.9
1023,4.8
1024,6.7
1025,10.8
1026,14.4
1027,16.4
1028,15.4
1029,12.8
1030,9.4
1031,6.9
1032,3.5
1033,3.8
1034,2.3
1035,4.4
1036,7.5
1037,11.4
1038,12.2
1039,16.1
1040,15
1041,14.2
1042,10.3
1043,5.8
1044,2.7
1045,2.5
1046,1.4
1047,3.1
1048,6.9
1049,12.8
1050,14.3
1051,15.8
1052,15.9
1053,14.2
1054,7.8
1055,3.3
1056,5.3
1057,3.3
1058,5.8
1059,2.5
1060,8.1
1061,12.2
1062,14.7
1063,16.9
1064,18.3
1065,14.4
1066,9.4
1067,6.9
1068,5.3
1069,2.5
1070,1.8
1071,1.8
1072,6.3
1073,10.4
1074,14.8
1075,15.4
1076,15.8
1077,14.2
1078,9.2
1079,7.1
1080,6
1081,5.3
1082,3.6
1083,5.3
1084,6.8
1085,12.3
1086,11.9
1087,17.2
1088,15.6
1089,13.8
1090,10.1
1091,6.7
1092,4.7
1093,4
1094,6.7
1095,8.2
1096,7.7
1097,10.7
1098,14.2
1099,17.2
1100,15
1101,15.2
1102,9.2
1103,4
1104,4.2
1105,4
1106,1.5
1107,6.2
1108,7.1
1109,9.3
1110,14.9
1111,15.3
1112,14.6
1113,12.6
1114,8.3
1115,4.3
1116,3
1117,3.2
1118,3.1
1119,5.6
1120,6.8
1121,10.3
1122,14.8
1123,15.6
1124,15.7
1125,13.9
1126,10.6
1127,6.5
1128,4.2
1129,2.2
1130,3.6
1131,6
1132,7.5
1133,12.1
1134,14.6
1135,15.2
1136,15.7
1137,13.1
1138,10
1139,4.6
1140,4.4
1141,3.3
1142,2.8
1143,3.4
1144,6.7
1145,12.2
1146,13.6
1147,14.7
1148,15.7
1149,13.9
1150,10.4
1151,5.7
1152,3.6
1153,2.2
1154,1.2
1155,3.9
1156,10
1157,9.4
1158,15.7
1159,15
1160,14.6
1161,13.5
1162,8.4
1163,4.7
1164,3.9
1165,4.4
1166,4.6
1167,6
1168,6.7
1169,9.1
1170,13.8
1171,16.1
1172,14.7
1173,13.6
1174,9.4
1175,3.9
1176,2.9
1177,0.3
1178,4
1179,4.9
1180,8.1
1181,10.7
1182,14
1183,18.4
1184,15.2
1185,13.3
1186,8.2
1187,7.1
1188,3.2
1189,2.6
1190,3.8
1191,5.2
1192,7.2
1193,13.8
1194,14.6
1195,14.2
1196,16.4
1197,11.9
1198,8.1
1199,5.7
1200,3.9
1201,5.9
1202,5.8
1203,6.1
1204,8.6
1205,12.1
1206,15
1207,18.2
1208,16.3
1209,13.5
1210,10.9
1211,5.1
1212,2.5
1213,1.9
1214,3.8
1215,6.6
1216,9.4
1217,11.7
1218,15.2
1219,16.9
1220,15.8
1221,15.7
1222,9.2
1223,5.7
1224,6.1
1225,5.4
1226,5.8
1227,6.8
1228,9.4
1229,11.9
1230,14.3
1231,15.8
1232,16.4
1233,14.2
1234,9.4
1235,6.2
1236,4.4
1237,4.7
1238,4
1239,3.7
1240,10
1241,12.9
1242,16.9
1243,17.8
1244,15.3
1245,13.6
1246,7.9
1247,4.6
1248,3.6
1249,-0.8
1250,4.9
1251,5.4
1252,8.9
1253,10.2
1254,14.6
1255,15.3
1256,15.3
1257,13.1
1258,8.3
1259,5.8
1260,6.2
1261,3.7
1262,3.8
1263,3.9
1264,7.2
1265,12.2
1266,13.9
1267,16.1
1268,15.2
1269,12.5
1270,8.9
1271,4.4
1272,2.8
1273,4.8
1274,0.4
1275,5
1276,7.5
1277,11.4
1278,13.8
1279,15.7
1280,15.3
1281,13.3
1282,9.2
1283,3.9
1284,1.7
1285,0.7
1286,1.7
1287,4.2
1288,8.1
1289,9.7
1290,13.7
1291,15.7
1292,16.6
1293,13.3
1294,9.3
1295,7.2
1296,3.3
1297,0.1
1298,5.4
1299,4.7
1300,7.3
1301,10
1302,12.8
1303,14.4
1304,16.1
1305,14.1
1306,9.2
1307,6.9
1308,3.3
1309,0.8
1310,4.8
1311,4.7
1312,8.1
1313,12.2
1314,13.9
1315,15.6
1316,16
1317,11.7
1318,9.2
1319,5.6
1320,4.6
1321,2.5
1322,2.7
1323,5
1324,7.8
1325,11.3
1326,13.1
1327,16.4
1328,15
1329,12.8
1330,8.2
1331,5.7
1332,4.8
1333,3.7
1334,4.6
1335,2.5
1336,5.4
1337,10
1338,13.1
1339,15.3
1340,15.8
1341,13.9
1342,8.9
1343,5.3
1344,3.6
1345,1
1346,3.2
1347,3.1
1348,5.5
1349,12.2
1350,14.3
1351,15.7
1352,14.3
1353,12.2
1354,9.2
1355,6.3
1356,5.6
1357,1.2
1358,1.9
1359,4.4
1360,6.4
1361,10.1
1362,16.1
1363,16.9
1364,16.1
1365,13
1366,11.7
1367,7.2
1368,4.8
1369,4
1370,2.6
1371,6.5
1372,8.3
1373,10.3
1374,14.7
1375,15.9
1376,17.2
1377,12.4
1378,9.9
1379,5.3
1380,3.8
1381,0.6
1382,4.3
1383,6.4
1384,8.6
1385,10.9
1386,14.7
1387,16.1
1388,16.1
1389,12.5
1390,10.3
1391,4.8
1392,3.5
1393,4.6
1394,6.1
1395,6
1396,9.8
1397,12.6
1398,16.6
1399,16.7
1400,15.8
1401,14.3
1402,9.3
1403,4.8
1404,4.5
1405,-1.6
1406,3.8
1407,6.4
1408,9.4
1409,10.8
1410,14.1
1411,16.3
1412,15.2
1413,12.9
1414,10.2
1415,6.2
1416,4.4
1417,1.9
1418,2.3
1419,6.8
1420,7.2
1421,11.7
1422,13.6
1423,15.3
1424,15.9
1425,14.6
1426,10.2
1427,6.9
1428,2.6
1429,1.9
1430,3.2
1431,4.6
1432,8.2
1433,10.6
1434,15.4
1435,17.3
1436,16.8
1437,12.2
1438,7.4
1439,6.7
1440,6.1
1441,2.9
1442,7.9
1443,7.9
1444,9.4
1445,11.9
1446,14.4
1447,17.9
1448,17.6
1449,15.2
1450,10.9
1451,5.7
1452,3.1
1453,-0.9
1454,2.1
1455,7.9
1456,6.3
1457,12.8
1458,14.2
1459,16.8
1460,17.6
1461,15.6
1462,9.1
1463,4.4
1464,3.2
1465,2.1
1466,4.8
1467,6.6
1468,9.2
1469,12.1
1470,16.2
1471,17.4
1472,17.3
1473,14.2
1474,10.6
1475,6.5
1476,5.4
1477,5.2
1478,1.9
1479,4.1
1480,5.2
1481,9
1482,14.9
1483,15.6
1484,14.2
1485,13.3
1486,7.6
1487,2.3
1488,2.8
1489,3.4
1490,3.3
1491,3.3
1492,10.1
1493,10.4
1494,14.8
1495,18.8
1496,15.8
1497,12.8
1498,9.8
1499,6.2
1500,2.7
1501,-0.6
1502,1.4
1503,2.7
1504,5.7
1505,13.5
1506,13.7
1507,15.2
1508,14
1509,14.8
1510,7.8
1511,5.5
1512,0.3
1513,3.4
1514,0.4
1515,1.2
1516,8.4
1517,12.3
1518,16.1
1519,16.1
1520,13.9
1521,13.6
1522,8.7
1523,5.6
1524,2.8
1525,2.7
1526,3.4
1527,2.1
1528,8.1
1529,11.2
1530,16.1
1531,15
1532,15.1
1533,11.7
1534,7.5
1535,3.3
1536,2.8
1537,3.6
1538,5.9
1539,6.8
1540,7.4
1541,11.5
1542,13.9
1543,15.8
1544,15.6
1545,12.8
1546,9.8
1547,4.5
1548,3.8
1549,3.9
1550,3.8
1551,3.6
1552,9.4
1553,13.8
1554,15.4
1555,15.8
1556,15.8
1557,13.4
1558,9.8
1559,6.1
1560,-0.3
1561,1.5
1562,5
1563,2.1
1564,7.4
1565,12.5
1566,14
1567,15.4
1568,16.6
1569,13.1
1570,8.6
1571,4.6
1572,6.1
1573,4.3
1574,6.6
1575,6.4
1576,6.1
1577,11.9
1578,14.6
1579,14.9
1580,15.6
1581,12.2
1582,10.3
1583,6.1
1584,4.3
1585,4.3
1586,4.7
1587,6.5
1588,9.6
1589,10.6
1590,14.7
1591,15.3
1592,15.9
1593,13.8
1594,8.9
1595,5.9
1596,1.1
1597,2.3
1598,4.5
1599,5.9
1600,10
1601,10.2
1602,13.2
1603,15.3
1604,16.9
1605,11.8
1606,8.8
1607,7.1
1608,4.3
1609,2.8
1610,4.6
1611,4.2
1612,6.2
1613,10.9
1614,13.5
1615,17.6
1616,15
1617,11.7
1618,11.3
1619,6
1620,5.3
1621,1.8
1622,7.2
1623,7
1624,10.2
1625,11.3
1626,15.7
1627,18.1
1628,15.5
1629,12.5
1630,9.6
1631,6.1
1632,3.7
1633,-3.1
1634,0.8
1635,3.9
1636,7.7
1637,10.9
1638,13.2
1639,15.2
1640,16.6
1641,16
1642,11.7
1643,4.5
1644,6.6
1645,7.3
1646,4.7
1647,4.2
1648,10.2
1649,10.3
1650,13.9
1651,14.7
1652,15.9
1653,14.6
1654,8.1
1655,4.6
1656,-0.3
1657,3.5
1658,4.6
1659,4.3
1660,7.4
1661,11.3
1662,13.6
1663,17.3
1664,15.8
1665,12.5
1666,8.2
1667,4.7
1668,4.8
1669,3.6
1670,4
1671,5.1
1672,10.4
1673,12.9
1674,16.9
1675,16.3
1676,16.4
1677,13.6
1678,9.9
1679,4.7
1680,1.5
1681,1.7
1682,2.8
1683,3.4
1684,5.4
1685,9.6
1686,14.1
1687,15.2
1688,14.4
1689,12.9
1690,8.3
1691,5.6
1692,1.3
1693,2.8
1694,2.2
1695,4
1696,9.3
1697,12.3
1698,13.9
1699,17.7
1700,16.8
1701,13.9
1702,9.2
1703,5.4
1704,3.3
1705,4.6
1706,4.8
1707,6.7
1708,8.3
1709,12.1
1710,14.8
1711,16.1
1712,17.1
1713,14.2
1714,10.2
1715,4.8
1716,1.5
1717,1.6
1718,3.7
1719,5.6
1720,8.9
1721,10.6
1722,13.7
1723,13.5
1724,17.2
1725,13.8
1726,10.1
1727,5.1
1728,3.6
1729,1.8
1730,3.4
1731,6.3
1732,9.1
1733,10.5
1734,13.7
1735,17.6
1736,16.1
1737,11.4
1738,9.3
1739,5
1740,4.4
1741,5.8
1742,2.9
1743,4.7
1744,6.9
1745,13.3
1746,16.1
1747,15.9
1748,15.6
1749,14.2
1750,10.7
1751,6.6
1752,2.1
1753,2.1
1754,4.1
1755,6.2
1756,8.3
1757,10.2
1758,13.2
1759,16
1760,16.4
1761,14.6
1762,8.2
1763,4.8
1764,3.6
1765,4.2
1766,4.3
1767,5.1
1768,6.8
1769,12.1
1770,14.9
1771,15.4
1772,16.2
1773,13.4
1774,10.6
1775,7.8
1776,6.8
1777,2.8
1778,3.7
1779,2.9
1780,7.7
1781,11.8
1782,14.2
1783,17.1
1784,16.9
1785,10.5
1786,11.4
1787,2.9
1788,1.9
1789,2.6
1790,2.8
1791,3.2
1792,5.8
1793,13.7
1794,14.8
1795,18.4
1796,16.7
1797,12.7
1798,7.2
1799,6
1800,2.2
1801,2
1802,5.7
1803,6
1804,5.2
1805,13.1
1806,13.7
1807,15.1
1808,14.8
1809,12.7
1810,10.2
1811,4.6
1812,4.1
1813,2.2
1814,3.5
1815,4.9
1816,8.2
1817,9.2
1818,14.6
1819,15.2
1820,14.6
1821,13.9
1822,9.8
1823,5.4
1824,3.6
1825,1.2
1826,4.6
1827,7.1
1828,8.9
1829,12.8
1830,14.1
1831,16.1
1832,14.4
1833,13.7
1834,12.3
1835,7.7
1836,3.1
1837,2.6
1838,5.3
1839,3.5
1840,5.5
1841,10.9
1842,13
1843,14.2
1844,14.3
1845,13.2
1846,9.3
1847,4.9
1848,1.7
1849,1.9
1850,5.8
1851,6.8
1852,7.6
1853,11.6
1854,13.6
1855,15
1856,14.5
1857,12.5
1858,8.1
1859,4.3
1860,2.8
1861,-2.9
1862,1.4
1863,2.9
1864,9.6
1865,9.2
1866,12.2
1867,16
1868,14.7
1869,12.8
1870,8.1
1871,4.7
1872,4.3
1873,0.3
1874,6.5
1875,7.3
1876,8.1
1877,12.6
1878,14.3
1879,14.9
1880,15.3
1881,13.4
1882,10.3
1883,3.4
1884,2.3
1885,2.7
1886,2.1
1887,3.9
1888,6.6
1889,9.9
1890,12.8
1891,13.4
1892,13.9
1893,11.8
1894,10.3
1895,3.9
1896,3.1
1897,4.5
1898,6.4
1899,5.5
1900,7.6
1901,8.7
1902,15.1
1903,14.1
1904,13.6
1905,13.2
1906,6.4
1907,9.1
1908,2.5
1909,4.4
1910,2.7
1911,4.5
1912,6.9
1913,11.3
1914,16.4
1915,18.2
1916,15.3
1917,13.3
1918,12
1919,9.5
1920,3.6
1921,4.4
1922,4.3
1923,6.8
1924,8.6
1925,11.5
1926,13.4
1927,16.4
1928,17.4
1929,13.4
1930,9.1
1931,4.1
1932,1.4
1933,-0.3
1934,3.2
1935,4.7
1936,8.9
1937,11.4
1938,13.6
1939,15.7
1940,14.7
1941,12.3
1942,8.1
1943,5.6
1944,4.7
1945,3.6
1946,2.1
1947,5.7
1948,9.5
1949,9.4
1950,12.3
1951,14.8
1952,16.4
1953,14.9
1954,10.4
1955,8.6
1956,6.4
1957,4.7
1958,6.3
1959,7.8
1960,8.3
1961,12.7
1962,17.1
1963,15.6
1964,15.2
1965,12.4
1966,10.7
1967,8.2
1968,1.6
1969,-0.1
1970,3.1
1971,5
1972,6.7
1973,12.2
1974,12.3
1975,14.1
1976,14.4
1977,12.5
1978,8.4
1979,7.1
1980,4.8
1981,4.3
1982,4.7
1983,4.6
1984,7.4
1985,10.7
1986,13.4
1987,16
1988,15.1
1989,13.7
1990,9.5
1991,7.2
1992,5.1
1993,3.8
1994,3.9
1995,5
1996,9.1
1997,11.6
1998,14.1
1999,17.2
2000,16.3
2001,15.1
2002,10.8
2003,5.2
2004,4.6
2005,0.4
2006,6.4
2007,6.3
2008,8.8
2009,11.2
2010,17.3
2011,17.9
2012,17.6
2013,13.6
2014,11.1
2015,4.4
2016,5.8
2017,1.7
2018,0.7
2019,5.9
2020,8.9
2021,11.9
2022,14.2
2023,16.5
2024,14.8
2025,13.7
2026,11.4
2027,6.9
2028,6.9
2029,5.1
2030,5.2
2031,6.6
2032,8.3
2033,12.4
2034,15.4
2035,16
2036,15.3
2037,14.3
2038,10.2
2039,7.4
2040,7.4
2041,0.3
2042,4.3
2043,4.3
2044,6.7
2045,12.5
2046,14.9
2047,15.1
2048,14.3
2049,11.3
2050,8.3
2051,4.5
2052,1.4
2053,-0.2
2054,2.2
2055,7.7
2056,8.9
2057,12
2058,12.7
2059,16.2
2060,13.7
2061,11.9
2062,10.4
2063,6.9
2064,1.8
2065,1.6
2066,4.8
2067,7.2
2068,9.2
2069,11.5
2070,15.4
2071,16.7
2072,16.9
2073,13.7
2074,12.7
2075,5.6
2076,5.8
2077,3.1
2078,3.4
2079,5.8
2080,8.6
2081,10.9
2082,15.2
2083,15.9
2084,15.4
2085,13.6
2086,10.7
2087,5.9
2088,5.2
2089,1.2
2090,5.6
2091,3.9
2092,7.7
2093,15.1
2094,14.6
2095,15.8
2096,14.3
2097,12.1
2098,10.1
2099,6.6
2100,6.9
2101,7.1
2102,5.6
2103,7.1
2104,7.7
2105,13
2106,15.4
2107,16.9
2108,16.2
2109,13.8
2110,10.6
2111,6.7
2112,5.6
2113,2.9
2114,5.7
2115,5.8
2116,8.6
2117,11.3
2118,15
2119,16.4
2120,16.9
2121,13.4
2122,8.9
2123,6.6
2124,3.1
2125,3.7
2126,3.5
2127,5.8
2128,7.2
2129,11.1
2130,15.3
2131,15.4
2132,14.6
2133,11.7
2134,8.6
2135,5.3
2136,4.1
2137,2.7
2138,4.7
2139,2.3
2140,4.7
2141,9.9
2142,15.5
2143,16.9
2144,15.7
2145,12.5
2146,10.5
2147,5.2
2148,5.3
2149,-1.5
2150,0.4
2151,4.9
2152,6.1
2153,10.5
2154,14.4
2155,15.6
2156,15.1
2157,12.7
2158,9.8
2159,4.6
2160,4
2161,2.8
2162,4.1
2163,4.2
2164,6.4
2165,10.2
2166,14.3
2167,14.9
2168,14.6
2169,12.4
2170,9.3
2171,7.3
2172,3.7
2173,4.1
2174,3.6
2175,3.8
2176,9.7
2177,11.4
2178,14.1
2179,13.8
2180,15.9
2181,11.1
2182,7.5
2183,5.8
2184,1.3
2185,1.1
2186,2.4
2187,7.5
2188,7.8
2189,12.7
2190,12.9
2191,13.8
2192,14.6
2193,13.4
2194,8.7
2195,5.2
2196,4.4
2197,0.6
2198,4.2
2199,6.4
2200,7.8
2201,11.4
2202,15.6
2203,14.5
2204,17.1
2205,13.2
2206,7.2
2207,5.5
2208,7.2
2209,4
2210,1.9
2211,5.6
2212,8.5
2213,10.4
2214,12.8
2215,14.8
2216,15.3
2217,14.4
2218,7.9
2219,5.7
2220,7.4
2221,3.8
2222,1.6
2223,4.7
2224,9.8
2225,10.8
2226,14.7
2227,15.4
2228,13.5
2229,13.3
2230,9.2
2231,5.9
2232,0.4
2233,3.2
2234,0.9
2235,2
2236,8.6
2237,9.5
2238,14.9
2239,14.3
2240,13.5
2241,11.4
2242,9.5
2243,6.7
2244,4.6
2245,6.3
2246,6.4
2247,6.1
2248,7.8
2249,12.3
2250,18.2
2251,16.5
2252,16.6
2253,14.7
2254,9.5
2255,6.9
2256,0.5
2257,2.2
2258,2.4
2259,5.6
2260,6.6
2261,12.3
2262,13.9
2263,17.5
2264,15.2
2265,11.5
2266,10.7
2267,7.9
2268,4.8
2269,1.3
2270,6.1
2271,5.9
2272,8.2
2273,13.9
2274,14.5
2275,15.6
2276,13.6
2277,12.8
2278,9.7
2279,5.8
2280,5.6
2281,3.9
2282,5.7
2283,6.1
2284,6.4
2285,12.1
2286,13.9
2287,15.4
2288,15.6
2289,13.3
2290,9.2
2291,6.6
2292,3.4
2293,0.7
2294,6.4
2295,4.7
2296,9
2297,10.1
2298,15.4
2299,16.2
2300,14.5
2301,12.3
2302,7.9
2303,7.4
2304,4.6
2305,5.6
2306,4.7
2307,5.8
2308,7.4
2309,10.4
2310,14.3
2311,14.6
2312,15.5
2313,12.7
2314,10.8
2315,3.1
2316,4.8
2317,4.9
2318,4.7
2319,5.2
2320,8.2
2321,10.6
2322,13.2
2323,18.7
2324,15.8
2325,12.9
2326,7.8
2327,7.9
2328,7.7
2329,5.1
2330,0.6
2331,3.4
2332,7.6
2333,10.9
2334,14.3
2335,14.9
2336,14.7
2337,12.3
2338,10.1
2339,5.2
2340,1.3
2341,3.6
2342,4.3
2343,6.7
2344,9.2
2345,10.3
2346,13.2
2347,15.4
2348,15.2
2349,14.4
2350,9.4
2351,4.9
2352,5.1
2353,2.4
2354,-1.7
2355,3.3
2356,7.1
2357,8.8
2358,13.3
2359,16.8
2360,15.7
2361,13.2
2362,9.7
2363,5.3
2364,2.4
2365,3.7
2366,5.3
2367,4.4
2368,8.1
2369,9.4
2370,13.5
2371,15.3
2372,16.9
2373,12.5
2374,10.7
2375,4.8
2376,4.4
2377,2.6
2378,4.3
2379,5.3
2380,7.5
2381,11.3
2382,15.8
2383,16.4
2384,17.4
2385,14.5
2386,11.3
2387,7.2
2388,7.3
2389,3.4
2390,1.8
2391,4.9
2392,7.7
2393,10.8
2394,16.8
2395,14.8
2396,15.8
2397,14.7
2398,9.6
2399,4.3
2400,4.8
2401,4.9
2402,5.7
2403,7.3
2404,7.5
2405,11.7
2406,14.8
2407,18.3
2408,16.2
2409,12.9
2410,9.6
2411,4.8
2412,1.6
2413,3.5
2414,1.7
2415,4.7
2416,5.9
2417,11.5
2418,12.3
2419,14.5
2420,13.6
2421,11.2
2422,9.8
2423,4.5
2424,1.5
2425,1.7
2426,4.9
2427,6.3
2428,7.5
2429,10.4
2430,14.8
2431,15
2432,15.9
2433,13.1
2434,11.8
2435,4.2
2436,3.9
2437,3.9
2438,5.1
2439,5.5
2440,8.8
2441,12.3
2442,12.7
2443,14.2
2444,14.6
2445,13
2446,10.3
2447,3.2
2448,6.5
2449,4.9
2450,5.8
2451,6.5
2452,8.8
2453,10.6
2454,13.6
2455,15.2
2456,15.5
2457,11.6
2458,9.9
2459,7.3
2460,6.3
2461,2.4
2462,2.3
2463,4.7
2464,8.8
2465,12.4
2466,13.6
2467,15.5
2468,14.2
2469,13.3
2470,9.8
2471,5.5
2472,3.7
2473,2.1
2474,2.3
2475,2.9
2476,10.6
2477,12.6
2478,15.6
2479,16.6
2480,15.1
2481,16.3
2482,9.7
2483,6.7
2484,5.8
2485,5.8
2486,4.4
2487,4.8
2488,8.6
2489,10
2490,15.5
2491,15.5
2492,14.7
2493,12.8
2494,10.7
2495,6.9
2496,6.1
2497,1.2
2498,6.9
2499,3.1
2500,9.3
2501,11.4
2502,14.1
2503,14.9
2504,16.3
2505,13.6
2506,9.3
2507,4.8
2508,3.4
2509,3.9
2510,6.3
2511,6.8
2512,8.7
2513,13.5
2514,15.5
2515,18.3
2516,16.8
2517,14.3
2518,8.4
2519,4.9
2520,7.2
2521,5.6
2522,7.5
2523,3.8
2524,10.1
2525,9.6
2526,13.2
2527,17.3
2528,15.5
2529,14.4
2530,9.7
2531,5.8
2532,2.9
2533,3.3
2534,2.8
2535,4.7
2536,9.2
2537,11.7
2538,15.2
2539,17.5
2540,15.7
2541,12.9
2542,9.5
2543,4.7
2544,0.6
2545,0.5
2546,6.1
2547,7.3
2548,8.7
2549,11.3
2550,12.8
2551,15.2
2552,17.2
2553,12.7
2554,9.8
2555,3.4
2556,3.6
2557,5
2558,6.9
2559,6.8
2560,8.2
2561,9.7
2562,14.1
2563,17.1
2564,15.3
2565,13.2
2566,8.4
2567,7
2568,5.3
2569,5.2
2570,1.8
2571,5.4
2572,7.7
2573,9.9
2574,14.2
2575,16.2
2576,15.4
2577,11.8
2578,8.6
2579,6.3
2580,5.3
2581,5.5
2582,3.9
2583,6.7
2584,9.8
2585,10
2586,13.9
2587,17.3
2588,15.1
2589,13.6
2590,10.4
2591,5.6
2592,-0.2
2593,6.4
2594,2.3
2595,5.1
2596,8.6
2597,12.3
2598,14.2
2599,14.8
2600,16.1
2601,14.9
2602,8.9
2603,5.4
2604,4.2
2605,3.2
2606,4.8
2607,4.5
2608,7.9
2609,9.6
2610,14.3
2611,17.2
2612,16.5
2613,12.7
2614,11.3
2615,6.1
2616,6
2617,5.5
2618,6.2
2619,4.9
2620,7
2621,9.1
2622,15.2
2623,14.7
2624,15.2
2625,11.2
2626,9.3
2627,7.1
2628,4.7
2629,4.6
2630,5.6
2631,5.4
2632,8.9
2633,11.8
2634,15.1
2635,16.6
2636,16.2
2637,13.3
2638,10.2
2639,3.5
2640,-0.3
2641,-0.7
2642,3.1
2643,4.7
2644,5.7
2645,8.9
2646,12.9
2647,13.6
2648,14.5
2649,12.6
2650,8.9
2651,4.1
2652,0.7
2653,0.9
2654,5.8
2655,6.2
2656,7.9
2657,10.4
2658,13.8
2659,15.5
2660,16.4
2661,14.6
2662,7.1
2663,5.4
2664,5.1
2665,-1.5
2666,3.2
2667,5.3
2668,7.3
2669,11.8
2670,13.7
2671,16.2
2672,13.9
2673,12.7
2674,7.3
2675,8.9
2676,3.9
2677,5.2
2678,6.1
2679,7.4
2680,8.4
2681,11.5
2682,13.1
2683,15.2
2684,14.9
2685,12.1
2686,9.9
2687,5.7
2688,3.9
2689,4.7
2690,5.9
2691,1.9
2692,8.1
2693,10.6
2694,13.9
2695,14.5
2696,15.3
2697,13.3
2698,9.7
2699,5.8
2700,4.6
2701,6.5
2702,5.3
2703,6.5
2704,7.2
2705,11.3
2706,14.1
2707,16.3
2708,17.2
2709,14.5
2710,9.4
2711,5.3
2712,4.4
2713,2.9
2714,5.8
2715,4.5
2716,7.7
2717,8.9
2718,13.9
2719,16.3
2720,13.6
2721,12.2
2722,7.5
2723,5.9
2724,3.7
2725,2.1
2726,1.5
2727,4.2
2728,7.6
2729,10.3
2730,13.6
2731,15.9
2732,15.8
2733,13.6
2734,11.3
2735,6.6
2736,1.9
2737,2.4
2738,3.8
2739,3.3
2740,6.2
2741,9.4
2742,15.3
2743,17.3
2744,15.7
2745,11.8
2746,7.1
2747,4.4
2748,2.6
2749,3.2
2750,1.8
2751,3.1
2752,6.2
2753,10.7
2754,13.2
2755,13.7
2756,14.1
2757,12.2
2758,7.9
2759,7.7
2760,4.9
2761,3.4
2762,2.9
2763,4.7
2764,7.1
2765,12.9
2766,15.3
2767,15.3
2768,14.7
2769,12.8
2770,8.6
2771,6.9
2772,3.3
2773,5.7
2774,3.1
2775,6.2
2776,7.1
2777,11.7
2778,13.5
2779,14.5
2780,14.1
2781,14.6
2782,9.4
2783,5.7
2784,-0.8
2785,1.3
2786,3.9
2787,3.8
2788,6.2
2789,9.5
2790,14.7
2791,15.1
2792,14.1
2793,14.2
2794,9.4
2795,5.6
2796,4.1
2797,2.3
2798,3.6
2799,2.7
2800,7.3
2801,11.6
2802,13.4
2803,14.3
2804,15.2
2805,12.4
2806,7.1
2807,6.4
2808,1.8
2809,2.2
2810,4.7
2811,7.2
2812,10.3
2813,13.1
2814,15.6
2815,16.4
2816,17.4
2817,12.9
2818,9.9
2819,5.2
2820,4.8
2821,3.4
2822,5.1
2823,6.7
2824,9.7
2825,9.2
2826,13.5
2827,15.9
2828,14.2
2829,11.6
2830,9.3
2831,7.9
2832,5.1
2833,0.2
2834,-1.8
2835,5.1
2836,8.2
2837,12.4
2838,14.8
2839,15.2
2840,15.8
2841,15.4
2842,7.1
2843,7.5
2844,3.9
2845,4.8
2846,4.6
2847,6.7
2848,9.1
2849,11.9
2850,16.2
2851,16.2
2852,14.3
2853,13.1
2854,6.9
2855,4.3
2856,3.9
2857,1.6
2858,5.8
2859,6.5
2860,7.1
2861,10
2862,15.1
2863,16.5
2864,16.2
2865,12.1
2866,9.9
2867,7.6
2868,4.7
2869,6.6
2870,4.8
2871,4.3
2872,8.5
2873,10.2
2874,13.6
2875,15.3
2876,16.5
2877,15.2
2878,11.3
2879,7.2
2880,7.3
2881,4.9
2882,5.1
2883,5.1
2884,7.8
2885,9.9
2886,15.7
2887,17.3
2888,17.8
2889,13.2
2890,8.8
2891,8.5
2892,2.2
2893,4.4
2894,2.6
2895,3.7
2896,8.3
2897,10.3
2898,14.7
2899,17.7
2900,15.1
2901,13.6
2902,9.8
2903,7.3
2904,7.2
2905,3.5
2906,2.3
2907,4.1
2908,8.6
2909,11.5
2910,13.9
2911,18
2912,15.6
2913,13.9
2914,9.7
2915,4.8
2916,3.4
2917,4.7
2918,1.5
2919,6.7
2920,7.5
2921,8.9
2922,13.9
2923,14.7
2924,14.3
2925,12.8
2926,9.6
2927,6.8
2928,4.6
2929,4.2
2930,7.1
2931,7.1
2932,6.4
2933,11.1
2934,13
2935,15.3
2936,14.3
2937,13.1
2938,10.5
2939,6.4
2940,3.3
2941,4.1
2942,3.4
2943,4.3
2944,8.7
2945,10.9
2946,13.3
2947,17.1
2948,15.1
2949,12.5
2950,9.7
2951,5.2
2952,3.7
2953,3.6
2954,5.2
2955,6.8
2956,7.3
2957,10.8
2958,14.7
2959,17.2
2960,14.7
2961,12.4
2962,7.1
2963,4.9
2964,4.9
2965,5.3
2966,3.1
2967,5.1
2968,7.3
2969,10.5
2970,14.3
2971,15.8
2972,16.7
2973,13.9
2974,10.9
2975,7.3
2976,3
2977,3.6
2978,2.8
2979,6.3
2980,7.6
2981,10.5
2982,12.4
2983,14.1
2984,14.3
2985,13.6
2986,9.8
2987,6.5
2988,4.6
2989,2.5
2990,5.3
2991,4.3
2992,6
2993,12.4
2994,14.3
2995,15.8
2996,14.6
2997,12.9
2998,11.8
2999,7.4
3000,3.9
3001,3.5
3002,2.9
3003,3.7
3004,8.7
3005,11
3006,11.8
3007,14.6
3008,15.4
3009,11.9
3010,10.4
3011,4.8
3012,3.9
3013,3.5
3014,5.1
3015,6.1
3016,7.3
3017,11.2
3018,14.7
3019,14.2
3020,15.2
3021,12.5
3022,10.6
3023,3.2
3024,6.4
3025,3.8
3026,4.8
3027,5.2
3028,7.5
3029,12.9
3030,14.5
3031,18.2
3032,18.2
3033,13.9
3034,9.3
3035,6.1
3036,6.2
3037,3.6
3038,5.4
3039,7.2
3040,8.8
3041,12.1
3042,13.9
3043,16.1
3044,12.9
3045,11.1
3046,8.2
3047,6.3
3048,6.7
3049,4.5
3050,4.8
3051,6.2
3052,8.1
3053,11.4
3054,14.3
3055,14.6
3056,15.2
3057,14.1
3058,10.9
3059,8.4
3060,5.1
3061,3.7
3062,6.8
3063,6.1
3064,9.8
3065,10.8
3066,14.5
3067,15.8
3068,16.1
3069,13.3
3070,10.3
3071,6.8
3072,4.6
3073,4.1
3074,4.3
3075,5.2
3076,7.9
3077,10.8
3078,14.4
3079,14.6
3080,15.3
3081,13.4
3082,9.1
3083,2.8
3084,5.3
3085,7.5
3086,3.8
3087,3.3
3088,8.2
3089,11.6
3090,11.8
3091,15.3
3092,16.4
3093,13
3094,10.6
3095,6.8
3096,1.9
3097,1.6
3098,0.9
3099,3.2
3100,5.4
3101,12.8
3102,15.2
3103,16.1
3104,15.3
3105,14
3106,7.5
3107,7.8
3108,2.3
3109,3.8
3110,6.5
3111,5.7
3112,6.7
3113,13
3114,13.3
3115,15.4
3116,16.1
3117,11.9
3118,9.3
3119,5.5
3120,6.9
3121,2.9
3122,1.9
3123,3.6
3124,7.1
3125,13.5
3126,14.3
3127,13.9
3128,15.7
3129,12.7
3130,7.4
3131,3.3
3132,5.5
3133,5.2
3134,6
3135,7.2
3136,8.2
3137,11.8
3138,14.4
3139,14.1
3140,13.6
3141,13
3142,10.4
3143,6.8
3144,4.2
3145,7.3
3146,4.8
3147,7.4
3148,8
3149,11.5
3150,14.7
3151,18.5
3152,15.4
3153,14.1
3154,12.8
3155,4.6
3156,6.5
3157,3.7
3158,4.4
3159,4.6
3160,5.5
3161,12.7
3162,13.8
3163,13.7
3164,13.6
3165,12.2
3166,8.2
3167,5.9
3168,5.8
3169,5.6
3170,5.6
3171,6.5
3172,7.6
3173,9.2
3174,12.5
3175,17.5
3176,15.2
3177,12.5
3178,9.7
3179,3.3
3180,3.8
3181,4.7
3182,3.3
3183,4.1
3184,6.9
3185,11.6
3186,13.9
3187,15.3
3188,14.1
3189,13.3
3190,10.1
3191,7.1
3192,6.8
3193,5.3
3194,5.2
3195,4.9
3196,7.5
3197,11.6
3198,15
3199,16.8
3200,15.4
3201,11.5
3202,10.4
3203,3.6
3204,2.8
3205,4.6
3206,6.8
3207,6.3
3208,9.3
3209,10.2
3210,13.6
3211,17.1
3212,16.2
3213,14.4
3214,8.1
3215,5.9
3216,4.2
3217,4.6
3218,3.9
3219,7.3
3220,7.9
3221,11.2
3222,12.6
3223,15.9
3224,15.7
3225,12.5
3226,10.5
3227,6.2
3228,2.1
3229,5.2
3230,5.8
3231,6.3
3232,8.5
3233,10.9
3234,12.9
3235,16.1
3236,15.3
3237,12.8
3238,10.1
3239,7.6
3240,3.4
3241,1.3
3242,0.4
3243,6.2
3244,6.8
3245,11.3
3246,13.3
3247,16
3248,15.4
3249,15.3
3250,9.6
3251,6.7
3252,5.8
3253,5.6
3254,2.5
3255,5.3
3256,8.3
3257,10.7
3258,15.3
3259,15.2
3260,15.7
3261,13.6
3262,10.5
3263,6.2
3264,4.3
3265,3.2
3266,3.9
3267,4.2
3268,7.7
3269,11.4
3270,14.4
3271,15.3
3272,14.4
3273,11.5
3274,8.8
3275,7.8
3276,5.3
3277,6.3
3278,2.9
3279,4.7
3280,6.9
3281,10.5
3282,14.1
3283,16.1
3284,17.1
3285,12.9
3286,8.8
3287,6.6
3288,5.7
3289,2.2
3290,4.3
3291,7.3
3292,8.8
3293,12.2
3294,15.6
3295,17.8
3296,17.6
3297,14.9
3298,10.1
3299,5.6
3300,1.6
3301,4.1
3302,3.8
3303,4.8
3304,8
3305,11.3
3306,14.9
3307,18.2
3308,15.4
3309,14.6
3310,10.6
3311,6.1
3312,8.1
3313,4.5
3314,5.8
3315,6.6
3316,8.2
3317,9.9
3318,15.1
3319,17.1
3320,16.6
3321,13.6
3322,9.5
3323,6.9
3324,2.8
3325,3.7
3326,2.6
3327,7.1
3328,6.3
3329,11.5
3330,14.7
3331,15.3
3332,16.1
3333,14.4
3334,9.4
3335,5.5
3336,5.3
3337,5.2
3338,5.6
3339,3.6
3340,9.2
3341,12.2
3342,14.1
3343,16.1
3344,16.9
3345,13.4
3346,10.4
3347,5.1
3348,3
3349,5.7
3350,5.1
3351,9.1
3352,7.6
3353,10.7
3354,14.4
3355,15.2
3356,16.3
3357,13.8
3358,10.5
3359,9.4
3360,4.4
3361,4.2
3362,5.6
3363,5.8
3364,8.8
3365,11.4
3366,14.2
3367,15.5
3368,16.4
3369,14.2
3370,8.2
3371,8.7
3372,3.2
3373,-1.4
3374,2.6
3375,6
3376,8.7
3377,12.5
3378,16.4
3379,15.1
3380,15.6
3381,12.8
3382,9.6
3383,6.9
3384,3.8
3385,0.5
3386,3.5
3387,5.1
3388,6.4
3389,9.4
3390,15.1
3391,17.3
3392,14.7
3393,14.5
3394,10.4
3395,6.6
3396,5.6
3397,0.9
3398,0.1
3399,5.2
3400,9.2
3401,11.1
3402,14.4
3403,15.5
3404,16.6
3405,13.6
3406,10.4
3407,4.9
3408,6.7
3409,4.9
3410,6.1
3411,6.5
3412,10.5
3413,11.8
3414,14.4
3415,16.4
3416,16.1
3417,13.3
3418,10.6
3419,6.3
3420,3.5
3421,5.8
3422,3.6
3423,5.2
3424,10.2
3425,11.4
3426,13.5
3427,16.5
3428,17
3429,12.5
3430,9.3
3431,6.2
3432,3.6
3433,0.4
3434,7.1
3435,7.9
3436,10.1
3437,12.2
3438,14.6
3439,16.7
3440,15.9
3441,14.4
3442,11.9
3443,7.2
3444,4.9
3445,2.7
3446,5.9
3447,5.1
3448,9.9
3449,10.7
3450,13.1
3451,16.3
3452,14.7
3453,14
3454,9.8
3455,8.1
3456,3.1
3457,2.2
3458,-1.9
3459,3.6
3460,8.6
3461,13.5
3462,15.5
3463,17
3464,18.6
3465,14.9
3466,10.6
3467,7.2
3468,5.1
3469,5.4
3470,4.7
3471,8.3
3472,9
3473,11.4
3474,13.5
3475,15.8
3476,15.1
3477,13.8
3478,10.1
3479,7.3
3480,5.7
3481,5.5
3482,5.7
3483,5.1
3484,10
3485,11.2
3486,15.3
3487,17.4
3488,16.8
3489,16.3
3490,11.7
3491,6.6
3492,5.8
3493,4.2
3494,5.3
3495,7.4
3496,7.6
3497,11.3
3498,16.2
3499,15.9
3500,15.6
3501,12.9
3502,9.6
3503,5.7
3504,1.2
3505,3.9
3506,3.7
3507,4.1
3508,6.8
3509,10.1
3510,14
3511,16.3
3512,14.8
3513,14.1
3514,9.4
3515,8.5
3516,5.5
3517,2.7
3518,3.4
3519,6.6
3520,9.6
3521,13.4
3522,14.4
3523,16.8
3524,15.8
3525,10.7
3526,8.8
3527,4.2
3528,2.8
3529,3.3
3530,4.3
3531,5.6
3532,7.3
3533,12.6
3534,14.4
3535,15.5
3536,16.2
3537,13.8
3538,9.7
3539,8.5
3540,6.9
3541,2.9
3542,2.6
3543,5.8
3544,7.6
3545,11.2
3546,13.4
3547,14.2
3548,14.6
3549,12.7
3550,11.9
3551,6.9
3552,6.8
3553,2.6
3554,1.2
3555,3.2
3556,9.3
3557,9.7
3558,13.8
3559,17.7
3560,18.1
3561,14.2
3562,9.2
3563,7
3564,5.4
3565,3.6
3566,-0.2
3567,6.2
3568,6.9
3569,11.7
3570,13.1
3571,15.8
3572,13.5
3573,14.3
3574,9.4
3575,6
3576,5.7
3577,5.5
3578,5.3
3579,9.2
3580,8.9
3581,10.3
3582,15.2
3583,16.3
3584,15.4
3585,12.5
3586,10.8
3587,6.4
3588,4.5
3589,3.4
3590,4.7
3591,3.7
3592,7.4
3593,11.1
3594,14.1
3595,15.9
3596,15.8
3597,15.1
3598,10.8
3599,6.4
3600,4.7
3601,1.6
3602,4.4
3603,7.3
3604,9.4
3605,12.8
3606,15.2
3607,17.3
3608,17.2
3609,14.9
3610,12.6
3611,7.1
3612,6
3613,3.8
3614,4.1
3615,6.4
3616,8.9
3617,12.8
3618,16.1
3619,15.1
3620,15
3621,13.1
3622,10.3
3623,7.3
3624,3.9
3625,3.9
3626,6.9
3627,8.2
3628,10
3629,11
3630,14.4
3631,15.2
3632,15.4
3633,15.2
3634,10.9
3635,6
3636,2.2
3637,4.3
3638,4.4
3639,2.8
3640,7.7
3641,10.3
3642,13.7
3643,15.1
3644,14.5
3645,12.6
3646,10.4
3647,5.5
3648,1.8
3649,-2.1
3650,-0.7
3651,6
3652,8.7
3653,10.6
3654,14.9
3655,15.2
3656,14.3
3657,12.9
3658,11.1
3659,8.2
3660,2.6
3661,3.4
3662,4.5
3663,4.3
3664,8.7
3665,13.3
3666,13.8
3667,16.1
3668,15.5
3669,14.1
3670,8.9
3671,7.4
3672,3.6
3673,3.3
3674,3.1
3675,5.2
3676,8
3677,11.7
3678,14.7
3679,14
3680,14.9
3681,12.3
3682,11
3683,4.5
3684,4.7
3685,2.9
3686,5.7
3687,6.5
3688,7.2
3689,11
3690,15.4
3691,15
3692,14.7
3693,13.8
3694,10.1
3695,5.6
3696,5.5
3697,4.5
3698,5.4
3699,7
3700,7.7
3701,10.4
3702,14
3703,16.7
3704,15.7
3705,13.5
3706,10.8
3707,5.4
3708,4.2
3709,4.4
3710,1.9
3711,6.3
3712,8.1
3713,9.8
3714,14.8
3715,15
3716,15.4
3717,13.9
3718,12.5
3719,6.5
3720,3
3721,5.5
3722,1
3723,3.3
3724,7.4
3725,11.2
3726,13.9
3727,16.8
3728,16.4
3729,13.9
3730,13
3731,5.4
3732,3.3
3733,3.7
3734,2.9
3735,3.7
3736,6.7
3737,13
3738,16.4
3739,15.2
3740,16
3741,14.4
3742,10.7
3743,7.8
3744,4.3
3745,4.5
3746,4.5
3747,4.9
3748,7.9
3749,11.6
3750,12.4
3751,16.9
3752,15.6
3753,14
3754,11.3
3755,6
3756,6.6
3757,3.9
3758,4.3
3759,6.5
3760,8.2
3761,10.5
3762,11.8
3763,15.6
3764,15.1
3765,11.7
3766,10.6
3767,6.3
3768,5.8
3769,4.5
3770,4.3
3771,6.2
3772,7
3773,11.4
3774,14.8
3775,15.6
3776,16.5
3777,14.3
3778,9
3779,6
3780,4.9
3781,5.9
3782,5.4
3783,5.8
3784,8.2
3785,11
3786,13.9
3787,15.2
3788,15.2
3789,12.1
3790,7.8
3791,6.8
3792,8.1
3793,6.8
3794,4.4
3795,4.8
3796,8.3
3797,9.9
3798,14.7
3799,17.4
3800,18.7
3801,13.5
3802,9.9
3803,6.3
3804,5.3
3805,5.9
3806,4.5
3807,4.8
3808,8.1
3809,12.1
3810,17
3811,18.7
3812,17.6
3813,13.4
3814,10.6
3815,6.3
3816,2
3817,2.8
3818,5.2
3819,6.9
3820,7.2
3821,10.6
3822,12.2
3823,15.9
3824,15.2
3825,13.3
3826,11.8
3827,6.6
3828,6.1
3829,3.4
3830,2.8
3831,6.7
3832,6.5
3833,11.7
3834,13.7
3835,14.8
3836,15
3837,14.2
3838,11.9
3839,8.5
3840,3.9
3841,-0.4
3842,1.2
3843,4.7
3844,7.8
3845,10
3846,13.9
3847,16.2
3848,14.9
3849,13.5
3850,11.3
3851,6.8
3852,5.8
3853,2.3
3854,5.7
3855,4.7
3856,8.8
3857,11.2
3858,13.8
3859,14.7
3860,15.9
3861,14.7
3862,9
3863,6.6
3864,5.6
3865,4.9
3866,3
3867,7.9
3868,7.8
3869,11.2
3870,13.2
3871,15.5
3872,16.2
3873,14.5
3874,8.6
3875,7.8
3876,0.3
3877,2.6
3878,4.8
3879,6.1
3880,8.6
3881,11.6
3882,15.5
3883,16.5
3884,15.7
3885,14.2
3886,10.1
3887,8
3888,4.4
3889,6.7
3890,1.7
3891,6.4
3892,6.8
3893,10.3
3894,14.4
3895,19.5
3896,17.3
3897,13.7
3898,10.5
3899,7.5
3900,5.6
3901,3.8
3902,3.3
3903,4.7
3904,8.1
3905,9.9
3906,14.5
3907,16.9
3908,17.6
3909,13.7
3910,11.1
3911,8
3912,5.2
3913,0.8
3914,2.1
3915,4.7
3916,8.3
3917,10.9
3918,12.7
3919,16.2
3920,14.6
3921,14.6
3922,11
3923,4.1
3924,6.3
3925,3.5
3926,-1.1
3927,4.9
3928,5.8
3929,11.1
3930,14.8
3931,15.9
3932,13.7
3933,11.3
3934,11
3935,7.8
3936,6.2
3937,0.8
3938,3.6
3939,4.1
3940,10.3
3941,10.1
3942,12.8
3943,15.9
3944,15.6
3945,13.6
3946,9.7
3947,6.5
3948,5.6
3949,5.3
3950,4.9
3951,6.4
3952,8.2
3953,11.9
3954,14.4
3955,14.7
3956,15.2
3957,13.2
3958,10.4
3959,5.2
3960,7.5
3961,6.1
3962,5.9
3963,7.5
3964,6.6
3965,13
3966,14.6
3967,18.2
3968,16.6
3969,14.7
3970,11.7
3971,6.2
3972,4.9
3973,6.5
3974,7.3
3975,8.3
3976,8
3977,12.6
3978,13.6
3979,16.9
3980,18
3981,13.2
3982,11.9
3983,6.9
3984,4.3
3985,3.3
3986,1.5
3987,7.9
3988,7.9
3989,10.8
3990,12.1
3991,17.3
3992,17.1
3993,14.7
3994,10.2
3995,6.8
3996,4.7
3997,3.7
3998,5.4
3999,7.5
4000,8.7
4001,13.6
4002,15.7
4003,16.2
4004,15.3
4005,13.4
4006,7.8
4007,7.4
4008,3.6
4009,5.9
4010,4.6
4011,6.7
4012,9.5
4013,11.4
4014,15
4015,15.2
4016,14.6
4017,12.4
4018,8.5
4019,4.6
4020,5.5
4021,5.3
4022,3.2
4023,7.7
4024,8.1
4025,10.7
4026,14.5
4027,18
4028,16
4029,12.7
4030,10.2
4031,10.1
4032,6.4
4033,4.8
4034,6.5
4035,5.6
4036,9.1
4037,11.6
4038,14.3
4039,18.6
4040,19.2
4041,13.7
4042,12.9
4043,7.7
4044,2.3
4045,4.3
4046,2.5
4047,4.5
4048,8.5
4049,9.1
4050,14.4
4051,16.5
4052,16.5
4053,13.6
4054,11.7
4055,5.9
4056,2.9
4057,2.5
4058,6.7
4059,8.4
4060,9
4061,11.5
4062,14.1
4063,16.7
4064,18.9
4065,14.2
4066,10.2
4067,8.4
4068,5.8
4069,5.2
4070,7.3
4071,7.9
4072,7.7
4073,13.1
4074,14.2
4075,15.5
4076,15.9
4077,14.9
4078,10.6
4079,6.2
4080,5.5
4081,5.5
4082,5.3
4083,7.4
4084,9.4
4085,12.9
4086,13.9
4087,17.7
4088,16.1
4089,15.6
4090,10.7
4091,7.9
4092,5
4093,4.9
4094,6.3
4095,7.6
4096,7.8
4097,12.1
4098,15.1
4099,15.5
4100,16.6
4101,14.7
4102,10.3
4103,7
4104,5.8
4105,3.2
4106,4.4
4107,5.2
4108,7.7
4109,12.6
4110,14.3
4111,17.2
4112,16.8
4113,13.4
4114,13.3
4115,7.5
4116,3.6
4117,5.5
4118,7
4119,7.6
4120,9.3
4121,11.8
4122,14.4
4123,16
4124,17
4125,14.4
4126,10.1
4127,8.5
4128,5.7
4129,4.5
4130,3.9
4131,7.5
4132,9.6
4133,12.1
4134,16.1
4135,17.6
4136,18.3
4137,14.3
4138,9.2
4139,8.1
4140,4.8
4141,5.2
4142,5.4
4143,6.5
4144,9.4
4145,12.1
4146,15.3
4147,15.8
4148,17.6
4149,14.9
4150,10.5
4151,7.7
4152,5.4
4153,6
4154,4.3
4155,7.2
4156,8.9
4157,11.4
4158,15.5
4159,16.9
4160,16.2
4161,15.2
4162,13.1
4163,6.2
4164,4.4
4165,4.3
4166,3.7
4167,4.9
4168,8.6
4169,12.3
4170,15.9
4171,19.7
4172,16.1
4173,16.8
4174,13
4175,8.1
4176,6.5
4177,7
4178,5.8
4179,7.2
4180,11.2
4181,11.9
4182,15.1
4183,15.2
4184,15.4
4185,13.8
4186,10.9
4187,7.3
4188,4.9
4189,6.6
4190,5.4
4191,6.1
4192,7.9
4193,13.4
4194,13.9
4195,16.2
4196,16.2
4197,13.5
4198,9.7
4199,7
4200,3.5
4201,3
4202,4.1
4203,7
4204,10
4205,12.1
4206,14.8
4207,16.1
4208,16.6
4209,14.2
4210,11.6
4211,8.7
4212,3.1
4213,1.4
4214,2.8
4215,6.1
4216,8.8
4217,10.7
4218,15.2
4219,17.1
4220,15.3
4221,13.8
4222,10.3
4223,5.2
4224,-0.7
4225,3.7
4226,6.4
4227,6.7
4228,11.8
4229,12.2
4230,13.8
4231,15.2
4232,15.4
4233,15.1
4234,12.6
4235,9.6
4236,6
4237,5.4
4238,3.8
4239,8.3
4240,7.2
4241,11.7
4242,13.5
4243,15.5
4244,16.6
4245,13
4246,9.7
4247,6.8
4248,4.8
4249,3.5
4250,3.2
4251,2.7
4252,7.5
4253,10.4
4254,13.6
4255,18.3
4256,16.9
4257,13.7
4258,12.5
4259,6.2
4260,6.3
4261,5.7
4262,6.2
4263,7.6
4264,10.2
4265,12.2
4266,15.1
4267,17.7
4268,14.9
4269,15.1
4270,12.5
4271,8.6
4272,5.2
4273,4.4
4274,4
4275,6.4
4276,9
4277,10.8
4278,14
4279,15.9
4280,15.9
4281,12.6
4282,11
4283,9.5
4284,9.7
4285,5.4
4286,4.9
4287,5.8
4288,7.5
4289,12.5
4290,15.2
4291,16.9
4292,17
4293,16
4294,10.9
4295,5.6
4296,6
4297,4
4298,6.1
4299,8.7
4300,8.9
4301,13.2
4302,16
4303,16.8
4304,15.6
4305,13.5
4306,12.4
4307,6.8
4308,4.8
4309,5.3
4310,2.9
4311,4.9
4312,9.8
4313,13.2
4314,16.1
4315,19.1
4316,16.6
4317,13.7
4318,10.6
4319,8.3
4320,6.9
4321,4
4322,6.7
4323,7.8
4324,9.1
4325,11.1
4326,14.2
4327,17.5
4328,17.1
4329,14.3
4330,10
4331,6.2
4332,5.8
4333,6.4
4334,6.3
4335,6.7
4336,10.4
4337,12.5
4338,15.3
4339,15.7
4340,17.6
4341,13.9
4342,10.5
4343,8.5
